{"spot_diameter_fullres": 100.8264561749356, "tissue_hires_scalef": 0.12661433, "fiducial_diameter_fullres": 162.87350612874212, "tissue_lowres_scalef": 0.0379843}