PC,Proportion.Variance.Explained
1,0.023897210422094344
2,0.01071488812497652
3,0.002936419269392744
4,0.0016732158558759175
5,0.001501864898928033
6,0.001418411116199876
7,0.0014095508508604848
8,0.0013777529143818572
9,0.0013544324598074645
10,0.001315853543286396
